﻿<Settings>
  <key name="dellayCapture"  value="0"/>
  <key name="dellayScroll"  value="0"/>
  <key name="numberY"  value="0"/>
  <key name="numberX"  value="0"/>
  <key name="leftTopY"  value="0"/>
  <key name="leftTopX"  value="0"/>
  <key name="rightButtomY"  value="0"/>
  <key name="rightButtomX"  value="0"/>
  <key name="devideY"  value="0"/>
  <key name="devideX"  value="0"/>
  <key name="withGPSCallibration"  value="true"/>
  <key name="latFirstPoint"  value="0"/>
  <key name="lonFirstPoint"  value="0"/>
  <key name="latSecondPoint"  value="0"/>
  <key name="lonSecondPoint"  value="0"/>
  <key name="firstPointY"  value="0"/>
  <key name="firstPointX"  value="0"/>
  <key name="secondPointY" value="0"/>
  <key name="secondPointX" value="0"/>
  <key name="mapPath"  value=""/>
</Settings>
